TOT_STOCKS,BASELINE,WRAPPER,alpha,best_loss,sign_acc_final,sharpe,train_loss,test_loss,sign_accuracy,predicted,actual
100,cross-sectional,time,1.0,0.4251220896840095,0.4594886363636363,-0.0236892204143665,"0     1.034049
1     1.033717
2     1.034479
3     1.033866
4     1.032566
5     1.032483
6     1.031636
7     1.030638
8     1.032292
9     1.031066
10    1.031512
11    1.030762
12    1.030488
13    1.030499
14    1.029702
15    1.028920
16    1.029075
17    1.029803
18    1.028397
19    1.029682
20    1.028755
21    1.027812
22    1.027204
23    1.027265
24    1.027254
25    1.027709
26    1.026489
27    1.026369
28    1.026475
29    1.027398
30    1.027046
31    1.026276
32    1.025779
33    1.025488
34    1.025991
35    1.025832
36    1.024975
37    1.025497
38    1.024583
39    1.025071
40    1.024836
41    1.023178
42    1.023352
43    1.023526
44    1.023342
45    1.023743
46    1.023840
47    1.022345
48    1.022598
49    1.023037
dtype: float64","0     0.427833
1     0.427796
2     0.427762
3     0.427728
4     0.427691
5     0.427652
6     0.427609
7     0.427563
8     0.427515
9     0.427467
10    0.427418
11    0.427366
12    0.427314
13    0.427262
14    0.427209
15    0.427157
16    0.427102
17    0.427045
18    0.426989
19    0.426931
20    0.426872
21    0.426812
22    0.426754
23    0.426692
24    0.426635
25    0.426573
26    0.426509
27    0.426447
28    0.426385
29    0.426321
30    0.426261
31    0.426199
32    0.426136
33    0.426077
34    0.426013
35    0.425951
36    0.425891
37    0.425830
38    0.425768
39    0.425708
40    0.425645
41    0.425588
42    0.425531
43    0.425469
44    0.425410
45    0.425353
46    0.425296
47    0.425238
48    0.425180
49    0.425122
dtype: float64","0     0.519148
1     0.519261
2     0.519375
3     0.519886
4     0.520284
5     0.520568
6     0.520568
7     0.520966
8     0.521477
9     0.521080
10    0.520739
11    0.520625
12    0.521080
13    0.521023
14    0.521364
15    0.521364
16    0.521307
17    0.521477
18    0.522273
19    0.522898
20    0.522898
21    0.523011
22    0.523068
23    0.523068
24    0.522670
25    0.522727
26    0.522443
27    0.522443
28    0.522386
29    0.522386
30    0.522273
31    0.522443
32    0.522670
33    0.522159
34    0.522330
35    0.522159
36    0.522670
37    0.522670
38    0.523011
39    0.522955
40    0.522841
41    0.522898
42    0.523011
43    0.523466
44    0.523466
45    0.523580
46    0.523523
47    0.523580
48    0.523466
49    0.524091
dtype: float64","         ABEO      ADTX      AERC      AGFY      AKYA      ALGS  ...      TYME       UBX      VIEW      WEJO      XMTR      XXII
0   -0.000793 -0.002400 -0.000380  0.000747 -0.001174 -0.000688  ... -0.003032  0.000851 -0.002174 -0.004223 -0.002709 -0.004337
1   -0.000918 -0.001872 -0.000063  0.000707  0.000158 -0.000819  ... -0.003025  0.001956 -0.002461 -0.001824 -0.002070 -0.003341
2   -0.000682 -0.003251  0.000628  0.000436  0.000081 -0.000716  ... -0.003037  0.001758 -0.002116 -0.002784 -0.002560 -0.002723
3   -0.000985 -0.003152 -0.000181  0.001061 -0.000080 -0.000983  ... -0.003021  0.001292 -0.001024 -0.002033 -0.002780 -0.003462
4   -0.001610 -0.003364  0.000812  0.001648  0.000199 -0.001248  ... -0.004025  0.001085 -0.000738 -0.000954 -0.002272 -0.003710
..        ...       ...       ...       ...       ...       ...  ...       ...       ...       ...       ...       ...       ...
171  0.001592  0.000491  0.002207 -0.000282  0.000732  0.002147  ...  0.000704  0.001417  0.002223 -0.000048  0.000275  0.000240
172  0.001800 -0.000199  0.002385  0.000269  0.001266  0.002899  ...  0.000839  0.001574  0.002075 -0.000544  0.000252  0.000271
173  0.001253  0.000058  0.002147  0.000441  0.000817  0.002789  ...  0.000457  0.002035  0.001581 -0.001003 -0.000408  0.000284
174  0.001813 -0.000041  0.002843  0.000814  0.000538  0.003063  ...  0.000688  0.001862  0.002032 -0.000177  0.000041  0.000616
175  0.002210 -0.000816  0.002250  0.000424  0.000465  0.003133  ...  0.000934  0.001403  0.002092 -0.001159 -0.000482 -0.000368

[176 rows x 100 columns]","         ABEO      ADTX      AERC      AGFY          AKYA  ...           UBX      VIEW          WEJO      XMTR          XXII
0   -0.001638  0.049104 -0.013214  0.002345 -5.605378e-03  ... -7.737580e-11 -0.006018  1.392757e-03 -0.002367 -1.263822e-02
1   -0.001193 -0.045989  0.022844  0.000936 -7.737580e-11  ... -7.737580e-11 -0.002018  6.954097e-04  0.004053  6.399996e-03
2    0.000299 -0.007060 -0.001925  0.000935 -4.509580e-03  ... -6.968636e-03 -0.014156 -9.034045e-03  0.009057  1.271859e-02
3    0.007613  0.015585  0.001543 -0.008407 -5.662511e-03  ...  7.017539e-03 -0.004103 -7.713880e-03 -0.000293 -3.139715e-03
4    0.005630 -0.006930 -0.004237  0.002355 -1.518602e-03  ... -6.968636e-03 -0.008239 -4.240280e-03  0.005075  9.448812e-03
..        ...       ...       ...       ...           ...  ...           ...       ...           ...       ...           ...
171 -0.004038 -0.013081  0.000467 -0.005263 -7.194240e-03  ... -7.737580e-11  0.010349  1.522069e-03  0.001153  3.231016e-03
172 -0.004055 -0.001271  0.003733 -0.005820 -2.635044e-03  ... -7.737580e-11  0.002561  1.519756e-03 -0.007775 -3.220610e-03
173 -0.002262  0.006545 -0.000930 -0.002661  6.605015e-03  ... -7.737580e-11 -0.007663  1.593322e-02 -0.005611 -7.737580e-11
174 -0.002720 -0.003341 -0.006515 -0.005870 -2.624670e-03  ... -7.737580e-11  0.002574 -7.468256e-04 -0.003210 -3.231016e-03
175 -0.000152  0.002265 -0.001405 -0.006978  1.973683e-03  ... -7.737580e-11 -0.002567 -7.737580e-11  0.001854 -9.724466e-03

[176 rows x 100 columns]"
100,cross-sectional,time,0.5,0.4587139238913854,0.4483522727272727,-0.1346015477649617,"0     0.872276
1     0.866505
2     0.860454
3     0.854734
4     0.849749
5     0.844124
6     0.838960
7     0.834176
8     0.829699
9     0.825332
10    0.821264
11    0.816332
12    0.812570
13    0.808507
14    0.805272
15    0.801804
16    0.798071
17    0.796073
18    0.792111
19    0.788860
20    0.787507
21    0.784511
22    0.781958
23    0.780745
24    0.777550
25    0.775374
26    0.773544
27    0.772194
28    0.770492
29    0.768145
30    0.766614
31    0.764967
32    0.764583
33    0.762184
34    0.761319
35    0.760788
36    0.759996
37    0.758233
38    0.756995
39    0.756725
40    0.755677
41    0.755989
42    0.755446
43    0.753949
44    0.754750
45    0.752187
46    0.752834
47    0.753343
48    0.752715
49    0.752613
dtype: float64","0     0.562575
1     0.556946
2     0.551484
3     0.546164
4     0.541148
5     0.536270
6     0.531726
7     0.527230
8     0.522773
9     0.518648
10    0.514850
11    0.511321
12    0.507609
13    0.504179
14    0.500682
15    0.497251
16    0.494094
17    0.491331
18    0.488645
19    0.486146
20    0.484315
21    0.481952
22    0.479887
23    0.478014
24    0.475860
25    0.473964
26    0.472586
27    0.471281
28    0.470148
29    0.468927
30    0.467817
31    0.466845
32    0.465819
33    0.464795
34    0.463821
35    0.463465
36    0.462160
37    0.461571
38    0.460628
39    0.460396
40    0.460064
41    0.459682
42    0.459611
43    0.459043
44    0.458885
45    0.459083
46    0.458748
47    0.458714
48    0.458950
49    0.458856
dtype: float64","0     0.547500
1     0.547443
2     0.547443
3     0.547557
4     0.547443
5     0.547443
6     0.547102
7     0.547045
8     0.547273
9     0.547159
10    0.546705
11    0.546023
12    0.546080
13    0.545852
14    0.546080
15    0.546477
16    0.546591
17    0.546136
18    0.545795
19    0.545341
20    0.543693
21    0.543466
22    0.542841
23    0.542045
24    0.542102
25    0.541818
26    0.540625
27    0.539489
28    0.538182
29    0.537273
30    0.536307
31    0.535227
32    0.534432
33    0.533864
34    0.533295
35    0.531534
36    0.531989
37    0.531023
38    0.530909
39    0.529432
40    0.528239
41    0.527330
42    0.525852
43    0.525568
44    0.524545
45    0.524545
46    0.522273
47    0.521364
48    0.521364
49    0.521364
dtype: float64","         ABEO      ADTX      AERC      AGFY      AKYA      ALGS  ...      TYME       UBX      VIEW      WEJO      XMTR      XXII
0    0.004780  0.002516  0.001854  0.001928  0.002758  0.005251  ...  0.004602  0.003402  0.003854  0.002191  0.005576  0.003171
1    0.003384  0.000886  0.001132  0.000983  0.001199  0.003756  ...  0.003057  0.001871  0.002742  0.001025  0.004767  0.000775
2    0.003005  0.000986  0.000921  0.000949  0.002272  0.003258  ...  0.002921  0.002402  0.003402  0.001314  0.004124  0.001842
3    0.001649  0.001456  0.000513  0.001050  0.001734  0.001805  ...  0.002826  0.002303  0.002958  0.001877  0.004267  0.000152
4    0.002424  0.000668  0.001163  0.000846  0.001470  0.001063  ...  0.002069  0.002420  0.002509  0.002170  0.003799  0.000626
..        ...       ...       ...       ...       ...       ...  ...       ...       ...       ...       ...       ...       ...
171  0.004848  0.001393  0.003854  0.000912  0.002502  0.002958  ...  0.003808  0.003058  0.004634  0.003718  0.004901  0.003196
172  0.005188  0.002633  0.004097  0.001437  0.002619  0.003494  ...  0.003085  0.002302  0.004640  0.003565  0.005598  0.003143
173  0.004640  0.002930  0.004051  0.001192  0.002548  0.003751  ...  0.003490  0.002676  0.004561  0.003540  0.005273  0.003326
174  0.004892  0.002796  0.004457  0.001495  0.002338  0.003418  ...  0.003864  0.003174  0.004020  0.003645  0.006015  0.004773
175  0.004603  0.002939  0.003766  0.001799  0.002608  0.003476  ...  0.003727  0.003137  0.004411  0.003375  0.005665  0.003839

[176 rows x 100 columns]","         ABEO      ADTX      AERC      AGFY          AKYA  ...           UBX      VIEW          WEJO      XMTR          XXII
0   -0.001638  0.049104 -0.013214  0.002345 -5.605378e-03  ... -7.737580e-11 -0.006018  1.392757e-03 -0.002367 -1.263822e-02
1   -0.001193 -0.045989  0.022844  0.000936 -7.737580e-11  ... -7.737580e-11 -0.002018  6.954097e-04  0.004053  6.399996e-03
2    0.000299 -0.007060 -0.001925  0.000935 -4.509580e-03  ... -6.968636e-03 -0.014156 -9.034045e-03  0.009057  1.271859e-02
3    0.007613  0.015585  0.001543 -0.008407 -5.662511e-03  ...  7.017539e-03 -0.004103 -7.713880e-03 -0.000293 -3.139715e-03
4    0.005630 -0.006930 -0.004237  0.002355 -1.518602e-03  ... -6.968636e-03 -0.008239 -4.240280e-03  0.005075  9.448812e-03
..        ...       ...       ...       ...           ...  ...           ...       ...           ...       ...           ...
171 -0.004038 -0.013081  0.000467 -0.005263 -7.194240e-03  ... -7.737580e-11  0.010349  1.522069e-03  0.001153  3.231016e-03
172 -0.004055 -0.001271  0.003733 -0.005820 -2.635044e-03  ... -7.737580e-11  0.002561  1.519756e-03 -0.007775 -3.220610e-03
173 -0.002262  0.006545 -0.000930 -0.002661  6.605015e-03  ... -7.737580e-11 -0.007663  1.593322e-02 -0.005611 -7.737580e-11
174 -0.002720 -0.003341 -0.006515 -0.005870 -2.624670e-03  ... -7.737580e-11  0.002574 -7.468256e-04 -0.003210 -3.231016e-03
175 -0.000152  0.002265 -0.001405 -0.006978  1.973683e-03  ... -7.737580e-11 -0.002567 -7.737580e-11  0.001854 -9.724466e-03

[176 rows x 100 columns]"
100,cross-sectional,time,0.01,0.5076762040456136,0.509090909090909,-0.0716435076740119,"0     0.522679
1     0.522872
2     0.520994
3     0.523787
4     0.522165
5     0.519632
6     0.520978
7     0.520545
8     0.520893
9     0.522051
10    0.522508
11    0.522885
12    0.522716
13    0.521923
14    0.521466
15    0.520035
16    0.522052
17    0.519930
18    0.521708
19    0.521527
20    0.522729
21    0.523434
22    0.521790
23    0.522838
24    0.521263
25    0.520944
26    0.522697
27    0.521258
28    0.521508
29    0.519291
30    0.522702
31    0.522175
32    0.521611
33    0.520200
34    0.521040
35    0.521777
36    0.521009
37    0.521348
38    0.520918
39    0.519078
40    0.519779
41    0.520508
42    0.521592
43    0.520771
44    0.521535
45    0.521750
46    0.521905
47    0.522025
48    0.522431
49    0.520857
dtype: float64","0     0.507676
1     0.507830
2     0.507984
3     0.508086
4     0.507879
5     0.508033
6     0.508187
7     0.508135
8     0.508185
9     0.508081
10    0.507926
11    0.507719
12    0.507873
13    0.507975
14    0.508077
15    0.507767
16    0.508231
17    0.508281
18    0.508590
19    0.508538
20    0.508331
21    0.508588
22    0.508639
23    0.509308
24    0.509565
25    0.509771
26    0.509409
27    0.509873
28    0.509717
29    0.509614
30    0.509510
31    0.509664
32    0.509921
33    0.510178
34    0.510745
35    0.510796
36    0.510795
37    0.511104
38    0.511155
39    0.510948
40    0.510896
41    0.510792
42    0.511049
43    0.511100
44    0.511409
45    0.511305
46    0.511047
47    0.511356
48    0.511819
49    0.512076
dtype: float64","0     0.48517
1     0.48517
2     0.48517
3     0.48517
4     0.48517
5     0.48517
6     0.48517
7     0.48517
8     0.48517
9     0.48517
10    0.48517
11    0.48517
12    0.48517
13    0.48517
14    0.48517
15    0.48517
16    0.48517
17    0.48517
18    0.48517
19    0.48517
20    0.48517
21    0.48517
22    0.48517
23    0.48517
24    0.48517
25    0.48517
26    0.48517
27    0.48517
28    0.48517
29    0.48517
30    0.48517
31    0.48517
32    0.48517
33    0.48517
34    0.48517
35    0.48517
36    0.48517
37    0.48517
38    0.48517
39    0.48517
40    0.48517
41    0.48517
42    0.48517
43    0.48517
44    0.48517
45    0.48517
46    0.48517
47    0.48517
48    0.48517
49    0.48517
dtype: float64","         ABEO      ADTX      AERC      AGFY      AKYA      ALGS  ...      TYME       UBX      VIEW      WEJO      XMTR      XXII
0   -0.000196  0.001216  0.000003 -0.001496 -0.000207 -0.002625  ... -0.000338 -0.000667  0.000455 -0.000054  0.000901  0.000062
1   -0.000457  0.001706 -0.000684 -0.000840 -0.002516 -0.002445  ... -0.000813 -0.001384  0.000068 -0.000835  0.000777 -0.000133
2   -0.000539  0.001309 -0.000038 -0.000999 -0.001736 -0.001875  ... -0.000017 -0.002042 -0.001410 -0.001082  0.001583  0.000275
3   -0.000683  0.001823  0.000173 -0.001349 -0.001868 -0.001984  ... -0.000506 -0.002458 -0.000952 -0.001430  0.000627 -0.000510
4   -0.001071  0.001645 -0.000733 -0.001273 -0.001869 -0.001773  ... -0.000141 -0.002011 -0.001375 -0.001482  0.000576 -0.000205
..        ...       ...       ...       ...       ...       ...  ...       ...       ...       ...       ...       ...       ...
171  0.001540  0.003652  0.001596  0.002466  0.002240  0.001277  ...  0.002697  0.001207  0.001925  0.001958  0.003812  0.002168
172  0.001247  0.003603  0.001344  0.002642  0.001498  0.001338  ...  0.002889  0.001513  0.001607  0.002033  0.003874  0.002558
173  0.002351  0.003290  0.001923  0.002649  0.001889  0.001392  ...  0.002381  0.001246  0.002415  0.002249  0.004286  0.002699
174  0.001693  0.004191  0.001663  0.002628  0.002241  0.001711  ...  0.002344  0.000962  0.002496  0.002324  0.004117  0.002586
175  0.002012  0.004099  0.001350  0.003023  0.002467  0.001412  ...  0.002183  0.000510  0.002342  0.002011  0.004008  0.002479

[176 rows x 100 columns]","         ABEO      ADTX      AERC      AGFY          AKYA  ...           UBX      VIEW          WEJO      XMTR          XXII
0   -0.001638  0.049104 -0.013214  0.002345 -5.605378e-03  ... -7.737580e-11 -0.006018  1.392757e-03 -0.002367 -1.263822e-02
1   -0.001193 -0.045989  0.022844  0.000936 -7.737580e-11  ... -7.737580e-11 -0.002018  6.954097e-04  0.004053  6.399996e-03
2    0.000299 -0.007060 -0.001925  0.000935 -4.509580e-03  ... -6.968636e-03 -0.014156 -9.034045e-03  0.009057  1.271859e-02
3    0.007613  0.015585  0.001543 -0.008407 -5.662511e-03  ...  7.017539e-03 -0.004103 -7.713880e-03 -0.000293 -3.139715e-03
4    0.005630 -0.006930 -0.004237  0.002355 -1.518602e-03  ... -6.968636e-03 -0.008239 -4.240280e-03  0.005075  9.448812e-03
..        ...       ...       ...       ...           ...  ...           ...       ...           ...       ...           ...
171 -0.004038 -0.013081  0.000467 -0.005263 -7.194240e-03  ... -7.737580e-11  0.010349  1.522069e-03  0.001153  3.231016e-03
172 -0.004055 -0.001271  0.003733 -0.005820 -2.635044e-03  ... -7.737580e-11  0.002561  1.519756e-03 -0.007775 -3.220610e-03
173 -0.002262  0.006545 -0.000930 -0.002661  6.605015e-03  ... -7.737580e-11 -0.007663  1.593322e-02 -0.005611 -7.737580e-11
174 -0.002720 -0.003341 -0.006515 -0.005870 -2.624670e-03  ... -7.737580e-11  0.002574 -7.468256e-04 -0.003210 -3.231016e-03
175 -0.000152  0.002265 -0.001405 -0.006978  1.973683e-03  ... -7.737580e-11 -0.002567 -7.737580e-11  0.001854 -9.724466e-03

[176 rows x 100 columns]"
100,cross-sectional,,1.0,2.947010695934296,0.5968181818181818,0.1279392448555663,"0     10.475173
1     10.274847
2     10.055528
3      9.861893
4      9.670522
5      9.477153
6      9.274742
7      9.105600
8      8.912039
9      8.713284
10     8.540061
11     8.362055
12     8.181544
13     8.013226
14     7.845104
15     7.696841
16     7.523384
17     7.360064
18     7.219768
19     7.057494
20     6.893959
21     6.756480
22     6.608911
23     6.476581
24     6.322746
25     6.178727
26     6.049000
27     5.929061
28     5.784695
29     5.669480
30     5.528239
31     5.413703
32     5.290890
33     5.183853
34     5.051988
35     4.944873
36     4.833500
37     4.725548
38     4.619831
39     4.514003
40     4.419402
41     4.323756
42     4.219910
43     4.135813
44     4.045608
45     3.955397
46     3.863697
47     3.788802
48     3.696844
49     3.613150
dtype: float64","0     10.117225
1      9.900167
2      9.686439
3      9.476053
4      9.268862
5      9.064850
6      8.864097
7      8.666486
8      8.472002
9      8.280721
10     8.092676
11     7.907748
12     7.725969
13     7.547276
14     7.371667
15     7.198919
16     7.029152
17     6.862460
18     6.698665
19     6.537814
20     6.379896
21     6.224843
22     6.072617
23     5.923144
24     5.776557
25     5.632792
26     5.491783
27     5.353396
28     5.217837
29     5.084884
30     4.954647
31     4.827011
32     4.701971
33     4.579448
34     4.459496
35     4.342085
36     4.227186
37     4.114778
38     4.004789
39     3.897230
40     3.792024
41     3.689101
42     3.588484
43     3.490163
44     3.394133
45     3.300326
46     3.208730
47     3.119330
48     3.032087
49     2.947011
dtype: float64","0     0.453807
1     0.453807
2     0.453807
3     0.453807
4     0.453807
5     0.453807
6     0.453807
7     0.453864
8     0.453864
9     0.453920
10    0.453920
11    0.453977
12    0.453977
13    0.454034
14    0.453977
15    0.453977
16    0.454034
17    0.454091
18    0.454091
19    0.454148
20    0.454148
21    0.454091
22    0.454091
23    0.454091
24    0.454148
25    0.454261
26    0.454261
27    0.454261
28    0.454375
29    0.454375
30    0.454375
31    0.454375
32    0.454375
33    0.454318
34    0.454318
35    0.454375
36    0.454375
37    0.454375
38    0.454375
39    0.454432
40    0.454375
41    0.454318
42    0.454375
43    0.454489
44    0.454545
45    0.454545
46    0.454602
47    0.454602
48    0.454602
49    0.454716
dtype: float64","         ABEO      ADTX      AERC      AGFY      AKYA      ALGS  ...      TYME       UBX      VIEW      WEJO      XMTR      XXII
0   -0.026492 -0.025759 -0.024338 -0.023580 -0.022475 -0.019875  ... -0.020241 -0.023269 -0.025915 -0.021637 -0.023157 -0.030929
1   -0.027642 -0.016446 -0.021150 -0.025775 -0.024373 -0.027159  ... -0.019557 -0.017950 -0.023252 -0.022450 -0.022635 -0.027202
2   -0.025046 -0.009389 -0.020645 -0.022789 -0.026080 -0.023485  ... -0.023063 -0.019839 -0.023462 -0.025345 -0.021243 -0.027677
3   -0.026343 -0.025468 -0.018619 -0.026231 -0.026226 -0.016921  ... -0.027200 -0.020319 -0.025677 -0.022252 -0.024410 -0.027678
4   -0.026237 -0.024408 -0.022015 -0.025711 -0.024258 -0.019257  ... -0.022536 -0.022018 -0.028001 -0.026379 -0.023045 -0.025228
..        ...       ...       ...       ...       ...       ...  ...       ...       ...       ...       ...       ...       ...
171 -0.022782 -0.020134 -0.024008 -0.019242 -0.017201 -0.018156  ... -0.018938 -0.017769 -0.019783 -0.018271 -0.016294 -0.020980
172 -0.022645 -0.019407 -0.022811 -0.018951 -0.018621 -0.017941  ... -0.016563 -0.016358 -0.013293 -0.017630 -0.013353 -0.021728
173 -0.023251 -0.026585 -0.025885 -0.021359 -0.017054 -0.017538  ... -0.018831 -0.018139 -0.015859 -0.016361 -0.019444 -0.023051
174 -0.021876 -0.026020 -0.021487 -0.022490 -0.022107 -0.017598  ... -0.018584 -0.019041 -0.017467 -0.018176 -0.021685 -0.023725
175 -0.022339 -0.026414 -0.020322 -0.021408 -0.019917 -0.018231  ... -0.018189 -0.018865 -0.020379 -0.011595 -0.018911 -0.023380

[176 rows x 100 columns]","         ABEO      ADTX      AERC      AGFY          AKYA  ...           UBX      VIEW          WEJO      XMTR          XXII
0   -0.001638  0.049104 -0.013214  0.002345 -5.605378e-03  ... -7.737580e-11 -0.006018  1.392757e-03 -0.002367 -1.263822e-02
1   -0.001193 -0.045989  0.022844  0.000936 -7.737580e-11  ... -7.737580e-11 -0.002018  6.954097e-04  0.004053  6.399996e-03
2    0.000299 -0.007060 -0.001925  0.000935 -4.509580e-03  ... -6.968636e-03 -0.014156 -9.034045e-03  0.009057  1.271859e-02
3    0.007613  0.015585  0.001543 -0.008407 -5.662511e-03  ...  7.017539e-03 -0.004103 -7.713880e-03 -0.000293 -3.139715e-03
4    0.005630 -0.006930 -0.004237  0.002355 -1.518602e-03  ... -6.968636e-03 -0.008239 -4.240280e-03  0.005075  9.448812e-03
..        ...       ...       ...       ...           ...  ...           ...       ...           ...       ...           ...
171 -0.004038 -0.013081  0.000467 -0.005263 -7.194240e-03  ... -7.737580e-11  0.010349  1.522069e-03  0.001153  3.231016e-03
172 -0.004055 -0.001271  0.003733 -0.005820 -2.635044e-03  ... -7.737580e-11  0.002561  1.519756e-03 -0.007775 -3.220610e-03
173 -0.002262  0.006545 -0.000930 -0.002661  6.605015e-03  ... -7.737580e-11 -0.007663  1.593322e-02 -0.005611 -7.737580e-11
174 -0.002720 -0.003341 -0.006515 -0.005870 -2.624670e-03  ... -7.737580e-11  0.002574 -7.468256e-04 -0.003210 -3.231016e-03
175 -0.000152  0.002265 -0.001405 -0.006978  1.973683e-03  ... -7.737580e-11 -0.002567 -7.737580e-11  0.001854 -9.724466e-03

[176 rows x 100 columns]"
100,cross-sectional,,0.5,0.5435360074043274,0.5024431818181818,0.0959071970149752,"0     1.471844
1     1.426630
2     1.379685
3     1.339759
4     1.303104
5     1.267227
6     1.231267
7     1.203514
8     1.171914
9     1.142843
10    1.122521
11    1.099042
12    1.071687
13    1.055190
14    1.032940
15    1.013298
16    1.001174
17    0.984979
18    0.974632
19    0.956662
20    0.946693
21    0.939958
22    0.927844
23    0.921382
24    0.915902
25    0.908099
26    0.903290
27    0.895086
28    0.897127
29    0.888430
30    0.883966
31    0.882132
32    0.881061
33    0.874212
34    0.871149
35    0.870187
36    0.868957
37    0.870110
38    0.863217
39    0.868381
40    0.866342
41    0.868112
42    0.862966
43    0.864107
44    0.862595
45    0.858867
46    0.862582
47    0.862672
48    0.859032
49    0.862641
dtype: float64","0     1.138444
1     1.093671
2     1.051441
3     1.011846
4     0.974126
5     0.938593
6     0.905697
7     0.874134
8     0.845311
9     0.818626
10    0.793667
11    0.770550
12    0.748969
13    0.729375
14    0.712124
15    0.695176
16    0.680275
17    0.666310
18    0.653213
19    0.641948
20    0.631201
21    0.622067
22    0.612663
23    0.604617
24    0.596664
25    0.589936
26    0.584026
27    0.578795
28    0.573577
29    0.569870
30    0.565898
31    0.562239
32    0.559756
33    0.556703
34    0.554888
35    0.553193
36    0.551433
37    0.549830
38    0.548860
39    0.547982
40    0.546960
41    0.546330
42    0.545783
43    0.545269
44    0.545029
45    0.544814
46    0.544515
47    0.544126
48    0.543888
49    0.543536
dtype: float64","0     0.544261
1     0.543920
2     0.543580
3     0.542784
4     0.542955
5     0.543295
6     0.542727
7     0.543750
8     0.543352
9     0.542330
10    0.541534
11    0.540568
12    0.539943
13    0.538466
14    0.535227
15    0.534545
16    0.532273
17    0.530795
18    0.530114
19    0.528011
20    0.526989
21    0.524602
22    0.524602
23    0.523920
24    0.524886
25    0.524375
26    0.523693
27    0.523011
28    0.523466
29    0.522386
30    0.521932
31    0.521761
32    0.520341
33    0.520625
34    0.519205
35    0.518580
36    0.518125
37    0.518125
38    0.516875
39    0.515852
40    0.515511
41    0.514659
42    0.514261
43    0.513977
44    0.512784
45    0.511932
46    0.511420
47    0.511023
48    0.510682
49    0.510568
dtype: float64","         ABEO      ADTX      AERC      AGFY      AKYA      ALGS  ...      TYME       UBX      VIEW      WEJO      XMTR      XXII
0   -0.016170 -0.010401 -0.006690 -0.014705 -0.003781 -0.012094  ... -0.006164 -0.002273 -0.003880  0.001323  0.004969 -0.009388
1   -0.012819 -0.008301 -0.006585 -0.008419 -0.002561 -0.008296  ... -0.004946 -0.002631 -0.003930  0.001269  0.002231 -0.002721
2   -0.010057 -0.006246 -0.007635 -0.012093  0.000287 -0.009280  ... -0.003238 -0.005921 -0.009565 -0.002818 -0.001646 -0.009503
3   -0.009200 -0.021390 -0.005737 -0.010671 -0.001961 -0.008580  ... -0.012150 -0.005418 -0.007865  0.005863  0.002632 -0.003611
4   -0.008447 -0.013507 -0.007249 -0.009488 -0.000035 -0.010173  ... -0.002235 -0.005404 -0.008197 -0.001592  0.001077 -0.005619
..        ...       ...       ...       ...       ...       ...  ...       ...       ...       ...       ...       ...       ...
171 -0.004678 -0.002580 -0.000884 -0.002713  0.004948 -0.003643  ...  0.006707  0.003501  0.004579  0.005016  0.010163 -0.001385
172 -0.004886 -0.000576  0.000708 -0.006107  0.003861  0.000546  ...  0.004502  0.003309  0.000380  0.007428  0.009568 -0.000092
173 -0.008636 -0.006948  0.003053 -0.006612  0.002096 -0.003363  ...  0.002896  0.004007  0.001395  0.004166  0.012420  0.007540
174 -0.008241 -0.001250 -0.000601 -0.004641  0.007112 -0.002605  ...  0.003244  0.003384  0.007194  0.005663  0.007262 -0.000200
175 -0.002526  0.000112  0.000441 -0.004644  0.006078 -0.004312  ...  0.003292 -0.001186  0.003775  0.007541  0.011167  0.002666

[176 rows x 100 columns]","         ABEO      ADTX      AERC      AGFY          AKYA  ...           UBX      VIEW          WEJO      XMTR          XXII
0   -0.001638  0.049104 -0.013214  0.002345 -5.605378e-03  ... -7.737580e-11 -0.006018  1.392757e-03 -0.002367 -1.263822e-02
1   -0.001193 -0.045989  0.022844  0.000936 -7.737580e-11  ... -7.737580e-11 -0.002018  6.954097e-04  0.004053  6.399996e-03
2    0.000299 -0.007060 -0.001925  0.000935 -4.509580e-03  ... -6.968636e-03 -0.014156 -9.034045e-03  0.009057  1.271859e-02
3    0.007613  0.015585  0.001543 -0.008407 -5.662511e-03  ...  7.017539e-03 -0.004103 -7.713880e-03 -0.000293 -3.139715e-03
4    0.005630 -0.006930 -0.004237  0.002355 -1.518602e-03  ... -6.968636e-03 -0.008239 -4.240280e-03  0.005075  9.448812e-03
..        ...       ...       ...       ...           ...  ...           ...       ...           ...       ...           ...
171 -0.004038 -0.013081  0.000467 -0.005263 -7.194240e-03  ... -7.737580e-11  0.010349  1.522069e-03  0.001153  3.231016e-03
172 -0.004055 -0.001271  0.003733 -0.005820 -2.635044e-03  ... -7.737580e-11  0.002561  1.519756e-03 -0.007775 -3.220610e-03
173 -0.002262  0.006545 -0.000930 -0.002661  6.605015e-03  ... -7.737580e-11 -0.007663  1.593322e-02 -0.005611 -7.737580e-11
174 -0.002720 -0.003341 -0.006515 -0.005870 -2.624670e-03  ... -7.737580e-11  0.002574 -7.468256e-04 -0.003210 -3.231016e-03
175 -0.000152  0.002265 -0.001405 -0.006978  1.973683e-03  ... -7.737580e-11 -0.002567 -7.737580e-11  0.001854 -9.724466e-03

[176 rows x 100 columns]"
100,cross-sectional,,0.01,0.5128882626692454,0.5186363636363637,-0.0003704701667415,"0     0.562351
1     0.561061
2     0.560088
3     0.559901
4     0.559145
5     0.555822
6     0.556130
7     0.551453
8     0.553863
9     0.550792
10    0.550117
11    0.549216
12    0.544701
13    0.548590
14    0.546535
15    0.545997
16    0.541950
17    0.541452
18    0.537590
19    0.538263
20    0.539391
21    0.536440
22    0.535711
23    0.535667
24    0.537617
25    0.531998
26    0.531056
27    0.532987
28    0.534532
29    0.529818
30    0.529918
31    0.530420
32    0.528973
33    0.528830
34    0.527655
35    0.525643
36    0.526772
37    0.527106
38    0.522332
39    0.523959
40    0.524439
41    0.524678
42    0.523923
43    0.523770
44    0.523545
45    0.521765
46    0.522192
47    0.522469
48    0.520924
49    0.522082
dtype: float64","0     0.562449
1     0.561734
2     0.560565
3     0.559198
4     0.558767
5     0.558755
6     0.557766
7     0.556156
8     0.554802
9     0.553185
10    0.552747
11    0.551369
12    0.549718
13    0.546817
14    0.546681
15    0.548122
16    0.546806
17    0.545569
18    0.544973
19    0.542544
20    0.541580
21    0.538521
22    0.538004
23    0.537349
24    0.535778
25    0.533085
26    0.532053
27    0.532527
28    0.531462
29    0.528808
30    0.525594
31    0.523623
32    0.522330
33    0.520628
34    0.520375
35    0.518940
36    0.518076
37    0.517059
38    0.516355
39    0.515652
40    0.515314
41    0.515184
42    0.514489
43    0.513486
44    0.513463
45    0.513442
46    0.513422
47    0.512888
48    0.513025
49    0.513009
dtype: float64","0     0.452386
1     0.452159
2     0.452386
3     0.452727
4     0.452443
5     0.451818
6     0.451875
7     0.452841
8     0.453636
9     0.454602
10    0.454205
11    0.455682
12    0.456591
13    0.458864
14    0.458580
15    0.458580
16    0.458580
17    0.458523
18    0.458636
19    0.461023
20    0.461648
21    0.464091
22    0.464205
23    0.465000
24    0.465795
25    0.467955
26    0.468750
27    0.468750
28    0.469148
29    0.471307
30    0.474205
31    0.476136
32    0.477216
33    0.478807
34    0.479205
35    0.480739
36    0.481534
37    0.482216
38    0.482898
39    0.483807
40    0.484148
41    0.484205
42    0.484602
43    0.485455
44    0.485511
45    0.485568
46    0.485568
47    0.485852
48    0.485852
49    0.485852
dtype: float64","         ABEO      ADTX      AERC      AGFY      AKYA      ALGS  ...      TYME       UBX      VIEW      WEJO      XMTR      XXII
0   -0.015834 -0.013297 -0.009326 -0.006227 -0.014080 -0.012173  ... -0.011136 -0.016904 -0.008802 -0.009782 -0.008630 -0.016583
1   -0.015793 -0.008711 -0.010217 -0.006674 -0.012653 -0.012357  ... -0.012825 -0.011549 -0.010492 -0.014471 -0.005772 -0.012160
2   -0.015717 -0.005940 -0.010542 -0.006368 -0.012880 -0.013998  ... -0.016011 -0.012148 -0.014306 -0.008314 -0.010622 -0.018035
3   -0.011997 -0.011607 -0.007997 -0.004621 -0.009072 -0.013754  ... -0.016287 -0.014123 -0.017916 -0.008021 -0.005777 -0.012513
4   -0.008917 -0.014489 -0.014104 -0.006235 -0.012084 -0.008956  ... -0.009880 -0.013006 -0.016201 -0.011079 -0.004494 -0.011961
..        ...       ...       ...       ...       ...       ...  ...       ...       ...       ...       ...       ...       ...
171  0.002724  0.007811  0.005775  0.008666  0.006984  0.005792  ...  0.006608  0.003250  0.000170  0.002260  0.010865  0.007848
172  0.008641  0.005300  0.008757  0.008142  0.006815  0.001553  ...  0.002341  0.001263  0.011637  0.004462  0.009089  0.005450
173  0.001986  0.001575  0.009231  0.005883  0.002315  0.002008  ...  0.003053  0.002602  0.004987  0.002438  0.011327  0.005292
174  0.000548 -0.001331  0.006949  0.002339 -0.000132 -0.001849  ...  0.004591  0.002322  0.003540  0.006369  0.004681  0.000190
175 -0.000550  0.003774  0.005372  0.003315  0.003019 -0.000187  ...  0.008357  0.006391 -0.002204  0.007825  0.001327  0.003072

[176 rows x 100 columns]","         ABEO      ADTX      AERC      AGFY          AKYA  ...           UBX      VIEW          WEJO      XMTR          XXII
0   -0.001638  0.049104 -0.013214  0.002345 -5.605378e-03  ... -7.737580e-11 -0.006018  1.392757e-03 -0.002367 -1.263822e-02
1   -0.001193 -0.045989  0.022844  0.000936 -7.737580e-11  ... -7.737580e-11 -0.002018  6.954097e-04  0.004053  6.399996e-03
2    0.000299 -0.007060 -0.001925  0.000935 -4.509580e-03  ... -6.968636e-03 -0.014156 -9.034045e-03  0.009057  1.271859e-02
3    0.007613  0.015585  0.001543 -0.008407 -5.662511e-03  ...  7.017539e-03 -0.004103 -7.713880e-03 -0.000293 -3.139715e-03
4    0.005630 -0.006930 -0.004237  0.002355 -1.518602e-03  ... -6.968636e-03 -0.008239 -4.240280e-03  0.005075  9.448812e-03
..        ...       ...       ...       ...           ...  ...           ...       ...           ...       ...           ...
171 -0.004038 -0.013081  0.000467 -0.005263 -7.194240e-03  ... -7.737580e-11  0.010349  1.522069e-03  0.001153  3.231016e-03
172 -0.004055 -0.001271  0.003733 -0.005820 -2.635044e-03  ... -7.737580e-11  0.002561  1.519756e-03 -0.007775 -3.220610e-03
173 -0.002262  0.006545 -0.000930 -0.002661  6.605015e-03  ... -7.737580e-11 -0.007663  1.593322e-02 -0.005611 -7.737580e-11
174 -0.002720 -0.003341 -0.006515 -0.005870 -2.624670e-03  ... -7.737580e-11  0.002574 -7.468256e-04 -0.003210 -3.231016e-03
175 -0.000152  0.002265 -0.001405 -0.006978  1.973683e-03  ... -7.737580e-11 -0.002567 -7.737580e-11  0.001854 -9.724466e-03

[176 rows x 100 columns]"
100,time,cross-sectional,1.0,0.4274953554073969,0.4603409090909091,0.0438283804692493,"0     1.095992
1     1.090780
2     1.084662
3     1.079556
4     1.074904
5     1.071553
6     1.066244
7     1.064220
8     1.060163
9     1.057585
10    1.055194
11    1.052167
12    1.049650
13    1.048204
14    1.046306
15    1.044419
16    1.042778
17    1.041734
18    1.040475
19    1.039209
20    1.038424
21    1.036451
22    1.035770
23    1.034796
24    1.033728
25    1.033647
26    1.033308
27    1.032430
28    1.031388
29    1.030684
30    1.030487
31    1.029749
32    1.029353
33    1.028590
34    1.028393
35    1.028422
36    1.027167
37    1.027200
38    1.026566
39    1.026086
40    1.026004
41    1.025318
42    1.024750
43    1.024817
44    1.023977
45    1.024288
46    1.023731
47    1.023451
48    1.023389
49    1.023105
dtype: float64","0     0.503109
1     0.496763
2     0.490956
3     0.485660
4     0.480804
5     0.476357
6     0.472282
7     0.468558
8     0.465149
9     0.462024
10    0.459163
11    0.456546
12    0.454167
13    0.451985
14    0.450006
15    0.448194
16    0.446538
17    0.445029
18    0.443645
19    0.442372
20    0.441217
21    0.440150
22    0.439174
23    0.438277
24    0.437454
25    0.436693
26    0.435986
27    0.435334
28    0.434726
29    0.434158
30    0.433622
31    0.433123
32    0.432661
33    0.432225
34    0.431817
35    0.431432
36    0.431064
37    0.430718
38    0.430386
39    0.430070
40    0.429767
41    0.429478
42    0.429199
43    0.428932
44    0.428673
45    0.428421
46    0.428178
47    0.427943
48    0.427716
49    0.427495
dtype: float64","0     0.540966
1     0.538466
2     0.537500
3     0.535511
4     0.534886
5     0.534545
6     0.535170
7     0.534773
8     0.534943
9     0.534489
10    0.533750
11    0.533807
12    0.534261
13    0.535057
14    0.535511
15    0.535625
16    0.535739
17    0.535909
18    0.535966
19    0.535966
20    0.535966
21    0.535966
22    0.535966
23    0.535966
24    0.535966
25    0.535966
26    0.536023
27    0.536023
28    0.536023
29    0.536364
30    0.536250
31    0.536477
32    0.536250
33    0.536648
34    0.536989
35    0.536989
36    0.537159
37    0.537102
38    0.537386
39    0.537330
40    0.536534
41    0.536705
42    0.536591
43    0.536989
44    0.537045
45    0.536761
46    0.536307
47    0.537216
48    0.537159
49    0.536818
dtype: float64","         ABEO      ADTX      AERC      AGFY      AKYA      ALGS  ...      TYME       UBX          VIEW      WEJO      XMTR      XXII
0   -0.000616 -0.000517 -0.000549 -0.000548 -0.000548 -0.000430  ... -0.000400 -0.000638 -3.499632e-04 -0.000228 -0.000647 -0.000364
1   -0.000056  0.000080  0.000007  0.000028 -0.000013  0.000099  ...  0.000164 -0.000026  1.369906e-04  0.000155 -0.000025  0.000206
2   -0.000100  0.000094 -0.000162 -0.000028 -0.000100  0.000065  ...  0.000092 -0.000118 -3.664976e-05  0.000135 -0.000201  0.000022
3   -0.000020 -0.000230  0.000026 -0.000007 -0.000013  0.000090  ... -0.000087 -0.000108  7.339449e-07  0.000132 -0.000087  0.000234
4    0.000141  0.000159  0.000169  0.000120  0.000176  0.000384  ...  0.000353  0.000262  2.858722e-04  0.000350  0.000178  0.000514
..        ...       ...       ...       ...       ...       ...  ...       ...       ...           ...       ...       ...       ...
171 -0.003956 -0.003969 -0.003967 -0.003967 -0.003855 -0.003891  ... -0.003867 -0.004026 -3.940947e-03 -0.003876 -0.004060 -0.003781
172 -0.003828 -0.003874 -0.003857 -0.003863 -0.003787 -0.003786  ... -0.003799 -0.003934 -3.700569e-03 -0.003740 -0.003967 -0.003683
173 -0.003933 -0.003987 -0.003883 -0.003952 -0.003849 -0.003875  ... -0.003807 -0.004002 -3.793132e-03 -0.003799 -0.004032 -0.003688
174 -0.004000 -0.004027 -0.003956 -0.004086 -0.003935 -0.003948  ... -0.003887 -0.004018 -3.890680e-03 -0.003826 -0.004098 -0.003802
175 -0.004510 -0.004543 -0.004420 -0.004553 -0.004420 -0.004483  ... -0.004325 -0.004441 -4.432353e-03 -0.004311 -0.004620 -0.004291

[176 rows x 100 columns]","         ABEO      ADTX      AERC      AGFY          AKYA  ...           UBX      VIEW          WEJO      XMTR          XXII
0   -0.001638  0.049104 -0.013214  0.002345 -5.605378e-03  ... -7.737580e-11 -0.006018  1.392757e-03 -0.002367 -1.263822e-02
1   -0.001193 -0.045989  0.022844  0.000936 -7.737580e-11  ... -7.737580e-11 -0.002018  6.954097e-04  0.004053  6.399996e-03
2    0.000299 -0.007060 -0.001925  0.000935 -4.509580e-03  ... -6.968636e-03 -0.014156 -9.034045e-03  0.009057  1.271859e-02
3    0.007613  0.015585  0.001543 -0.008407 -5.662511e-03  ...  7.017539e-03 -0.004103 -7.713880e-03 -0.000293 -3.139715e-03
4    0.005630 -0.006930 -0.004237  0.002355 -1.518602e-03  ... -6.968636e-03 -0.008239 -4.240280e-03  0.005075  9.448812e-03
..        ...       ...       ...       ...           ...  ...           ...       ...           ...       ...           ...
171 -0.004038 -0.013081  0.000467 -0.005263 -7.194240e-03  ... -7.737580e-11  0.010349  1.522069e-03  0.001153  3.231016e-03
172 -0.004055 -0.001271  0.003733 -0.005820 -2.635044e-03  ... -7.737580e-11  0.002561  1.519756e-03 -0.007775 -3.220610e-03
173 -0.002262  0.006545 -0.000930 -0.002661  6.605015e-03  ... -7.737580e-11 -0.007663  1.593322e-02 -0.005611 -7.737580e-11
174 -0.002720 -0.003341 -0.006515 -0.005870 -2.624670e-03  ... -7.737580e-11  0.002574 -7.468256e-04 -0.003210 -3.231016e-03
175 -0.000152  0.002265 -0.001405 -0.006978  1.973683e-03  ... -7.737580e-11 -0.002567 -7.737580e-11  0.001854 -9.724466e-03

[176 rows x 100 columns]"
100,time,cross-sectional,0.5,0.4919398377339045,0.5021590909090909,-0.0076241331817431,"0     0.804381
1     0.800710
2     0.796700
3     0.792704
4     0.789424
5     0.784552
6     0.781278
7     0.777219
8     0.774605
9     0.771952
10    0.769328
11    0.768005
12    0.764762
13    0.762265
14    0.760681
15    0.758798
16    0.758445
17    0.756578
18    0.756329
19    0.753979
20    0.754322
21    0.753098
22    0.753142
23    0.751283
24    0.752943
25    0.750735
26    0.750445
27    0.750891
28    0.748861
29    0.748159
30    0.750251
31    0.748850
32    0.749114
33    0.750030
34    0.748628
35    0.749260
36    0.748442
37    0.748767
38    0.748524
39    0.748806
40    0.749069
41    0.747394
42    0.748632
43    0.747937
44    0.748197
45    0.747436
46    0.747653
47    0.747949
48    0.747494
49    0.747379
dtype: float64","0     0.549185
1     0.545664
2     0.542150
3     0.539173
4     0.536329
5     0.534094
6     0.531873
7     0.529503
8     0.528346
9     0.526961
10    0.525254
11    0.523193
12    0.521576
13    0.520854
14    0.519669
15    0.518891
16    0.517691
17    0.517250
18    0.515732
19    0.513030
20    0.511045
21    0.509196
22    0.507784
23    0.506295
24    0.505108
25    0.504063
26    0.503443
27    0.502389
28    0.500921
29    0.499999
30    0.498578
31    0.498292
32    0.497509
33    0.496556
34    0.495676
35    0.495231
36    0.495266
37    0.495049
38    0.494794
39    0.494078
40    0.493610
41    0.493666
42    0.493367
43    0.493054
44    0.492769
45    0.492595
46    0.492268
47    0.492051
48    0.491941
49    0.491940
dtype: float64","0     0.471761
1     0.471648
2     0.472102
3     0.471932
4     0.471989
5     0.471193
6     0.470795
7     0.471136
8     0.469205
9     0.468125
10    0.468068
11    0.469091
12    0.469432
13    0.468068
14    0.467955
15    0.467159
16    0.467500
17    0.466364
18    0.467727
19    0.471818
20    0.474489
21    0.476989
22    0.478636
23    0.480568
24    0.481932
25    0.483068
26    0.483352
27    0.484659
28    0.486932
29    0.488068
30    0.490341
31    0.490170
32    0.491136
33    0.492500
34    0.493750
35    0.494091
36    0.494091
37    0.493295
38    0.493295
39    0.494318
40    0.494830
41    0.494830
42    0.494375
43    0.494602
44    0.494773
45    0.494716
46    0.495000
47    0.495057
48    0.494886
49    0.494489
dtype: float64","         ABEO      ADTX      AERC      AGFY      AKYA      ALGS  ...      TYME       UBX      VIEW      WEJO      XMTR      XXII
0    0.004797  0.004828  0.004593  0.004819  0.004793  0.004827  ...  0.004870  0.004660  0.004803  0.004638  0.004813  0.004501
1    0.005158  0.005271  0.005205  0.005240  0.005266  0.005229  ...  0.005347  0.005157  0.005340  0.005117  0.005323  0.005061
2    0.004420  0.004587  0.004394  0.004500  0.004524  0.004512  ...  0.004687  0.004458  0.004606  0.004395  0.004641  0.004273
3    0.004363  0.004298  0.004311  0.004412  0.004421  0.004532  ...  0.004411  0.004460  0.004483  0.004307  0.004532  0.004235
4    0.003694  0.003698  0.003775  0.003831  0.003868  0.003826  ...  0.003823  0.003768  0.003753  0.003679  0.003923  0.003611
..        ...       ...       ...       ...       ...       ...  ...       ...       ...       ...       ...       ...       ...
171 -0.006629 -0.006726 -0.006792 -0.006709 -0.006639 -0.006714  ... -0.006768 -0.006772 -0.006780 -0.006856 -0.006784 -0.006849
172 -0.006686 -0.006755 -0.006826 -0.006795 -0.006736 -0.006807  ... -0.006870 -0.006786 -0.006880 -0.006846 -0.006761 -0.006881
173 -0.006779 -0.006860 -0.006864 -0.006856 -0.006927 -0.006833  ... -0.006909 -0.006846 -0.006884 -0.006974 -0.006782 -0.006900
174 -0.007167 -0.007171 -0.007148 -0.007191 -0.007200 -0.007130  ... -0.007202 -0.007166 -0.007210 -0.007303 -0.007203 -0.007328
175 -0.007149 -0.007215 -0.007194 -0.007207 -0.007181 -0.007158  ... -0.007212 -0.007211 -0.007260 -0.007250 -0.007209 -0.007312

[176 rows x 100 columns]","         ABEO      ADTX      AERC      AGFY          AKYA  ...           UBX      VIEW          WEJO      XMTR          XXII
0   -0.001638  0.049104 -0.013214  0.002345 -5.605378e-03  ... -7.737580e-11 -0.006018  1.392757e-03 -0.002367 -1.263822e-02
1   -0.001193 -0.045989  0.022844  0.000936 -7.737580e-11  ... -7.737580e-11 -0.002018  6.954097e-04  0.004053  6.399996e-03
2    0.000299 -0.007060 -0.001925  0.000935 -4.509580e-03  ... -6.968636e-03 -0.014156 -9.034045e-03  0.009057  1.271859e-02
3    0.007613  0.015585  0.001543 -0.008407 -5.662511e-03  ...  7.017539e-03 -0.004103 -7.713880e-03 -0.000293 -3.139715e-03
4    0.005630 -0.006930 -0.004237  0.002355 -1.518602e-03  ... -6.968636e-03 -0.008239 -4.240280e-03  0.005075  9.448812e-03
..        ...       ...       ...       ...           ...  ...           ...       ...           ...       ...           ...
171 -0.004038 -0.013081  0.000467 -0.005263 -7.194240e-03  ... -7.737580e-11  0.010349  1.522069e-03  0.001153  3.231016e-03
172 -0.004055 -0.001271  0.003733 -0.005820 -2.635044e-03  ... -7.737580e-11  0.002561  1.519756e-03 -0.007775 -3.220610e-03
173 -0.002262  0.006545 -0.000930 -0.002661  6.605015e-03  ... -7.737580e-11 -0.007663  1.593322e-02 -0.005611 -7.737580e-11
174 -0.002720 -0.003341 -0.006515 -0.005870 -2.624670e-03  ... -7.737580e-11  0.002574 -7.468256e-04 -0.003210 -3.231016e-03
175 -0.000152  0.002265 -0.001405 -0.006978  1.973683e-03  ... -7.737580e-11 -0.002567 -7.737580e-11  0.001854 -9.724466e-03

[176 rows x 100 columns]"
100,time,cross-sectional,0.01,0.4530606617530187,0.4044886363636363,-0.1314813231390633,"0     0.464697
1     0.464422
2     0.464184
3     0.463934
4     0.463700
5     0.463464
6     0.463239
7     0.463004
8     0.462800
9     0.462571
10    0.462383
11    0.462178
12    0.461983
13    0.461803
14    0.461620
15    0.461419
16    0.461252
17    0.461086
18    0.460929
19    0.460760
20    0.460601
21    0.460445
22    0.460304
23    0.460157
24    0.459995
25    0.459763
26    0.459556
27    0.458886
28    0.459133
29    0.459123
30    0.457973
31    0.458036
32    0.457794
33    0.457749
34    0.457519
35    0.457420
36    0.457321
37    0.457271
38    0.457098
39    0.456971
40    0.456784
41    0.456773
42    0.456816
43    0.456650
44    0.456403
45    0.456402
46    0.456275
47    0.456211
48    0.456085
49    0.455997
dtype: float64","0     0.461383
1     0.461089
2     0.460803
3     0.460522
4     0.460249
5     0.459982
6     0.459720
7     0.459465
8     0.459216
9     0.458973
10    0.458736
11    0.458504
12    0.458278
13    0.458057
14    0.457841
15    0.457631
16    0.457427
17    0.457227
18    0.457032
19    0.456842
20    0.456657
21    0.456478
22    0.456302
23    0.456132
24    0.455965
25    0.455803
26    0.455646
27    0.455493
28    0.455344
29    0.455199
30    0.455058
31    0.454922
32    0.454789
33    0.454660
34    0.454534
35    0.454413
36    0.454295
37    0.454181
38    0.454070
39    0.453962
40    0.453858
41    0.453758
42    0.453660
43    0.453565
44    0.453474
45    0.453386
46    0.453300
47    0.453218
48    0.453138
49    0.453061
dtype: float64","0     0.547557
1     0.547557
2     0.547557
3     0.547557
4     0.547557
5     0.547557
6     0.547557
7     0.547557
8     0.547557
9     0.547557
10    0.547557
11    0.547557
12    0.547557
13    0.547557
14    0.547557
15    0.547557
16    0.547557
17    0.547557
18    0.547557
19    0.547557
20    0.547557
21    0.547557
22    0.547557
23    0.547557
24    0.547557
25    0.547557
26    0.547557
27    0.547557
28    0.547557
29    0.547557
30    0.547557
31    0.547557
32    0.547557
33    0.547557
34    0.547557
35    0.547557
36    0.547557
37    0.547557
38    0.547557
39    0.547557
40    0.547557
41    0.547557
42    0.547557
43    0.547557
44    0.547557
45    0.547557
46    0.547557
47    0.547557
48    0.547557
49    0.547557
dtype: float64","         ABEO      ADTX      AERC      AGFY      AKYA      ALGS  ...      TYME       UBX      VIEW      WEJO      XMTR      XXII
0    0.008216  0.008248  0.008225  0.008171  0.008303  0.008287  ...  0.007963  0.008275  0.008172  0.008280  0.008281  0.008410
1    0.007369  0.007430  0.007398  0.007298  0.007367  0.007362  ...  0.007148  0.007293  0.007488  0.007545  0.007320  0.007604
2    0.007771  0.007859  0.007879  0.007668  0.007807  0.007746  ...  0.007733  0.007833  0.008026  0.007923  0.008030  0.008011
3    0.007697  0.007958  0.007740  0.007617  0.007692  0.007774  ...  0.007746  0.007732  0.007909  0.007807  0.007858  0.007909
4    0.008089  0.008311  0.008139  0.008020  0.008135  0.008119  ...  0.008049  0.008099  0.008159  0.008127  0.008195  0.008184
..        ...       ...       ...       ...       ...       ...  ...       ...       ...       ...       ...       ...       ...
171  0.002156  0.002238  0.002251  0.002198  0.002267  0.002145  ...  0.002146  0.002246  0.002341  0.002342  0.002343  0.002258
172  0.002890  0.002997  0.002994  0.002949  0.002972  0.002923  ...  0.002951  0.003001  0.003024  0.003111  0.003081  0.003033
173  0.003277  0.003389  0.003293  0.003296  0.003344  0.003196  ...  0.003252  0.003295  0.003396  0.003391  0.003391  0.003300
174  0.003035  0.003111  0.003081  0.003049  0.003093  0.002974  ...  0.003021  0.003054  0.003139  0.003127  0.003209  0.003087
175  0.002671  0.002727  0.002672  0.002711  0.002646  0.002627  ...  0.002580  0.002629  0.002754  0.002750  0.002835  0.002706

[176 rows x 100 columns]","         ABEO      ADTX      AERC      AGFY          AKYA  ...           UBX      VIEW          WEJO      XMTR          XXII
0   -0.001638  0.049104 -0.013214  0.002345 -5.605378e-03  ... -7.737580e-11 -0.006018  1.392757e-03 -0.002367 -1.263822e-02
1   -0.001193 -0.045989  0.022844  0.000936 -7.737580e-11  ... -7.737580e-11 -0.002018  6.954097e-04  0.004053  6.399996e-03
2    0.000299 -0.007060 -0.001925  0.000935 -4.509580e-03  ... -6.968636e-03 -0.014156 -9.034045e-03  0.009057  1.271859e-02
3    0.007613  0.015585  0.001543 -0.008407 -5.662511e-03  ...  7.017539e-03 -0.004103 -7.713880e-03 -0.000293 -3.139715e-03
4    0.005630 -0.006930 -0.004237  0.002355 -1.518602e-03  ... -6.968636e-03 -0.008239 -4.240280e-03  0.005075  9.448812e-03
..        ...       ...       ...       ...           ...  ...           ...       ...           ...       ...           ...
171 -0.004038 -0.013081  0.000467 -0.005263 -7.194240e-03  ... -7.737580e-11  0.010349  1.522069e-03  0.001153  3.231016e-03
172 -0.004055 -0.001271  0.003733 -0.005820 -2.635044e-03  ... -7.737580e-11  0.002561  1.519756e-03 -0.007775 -3.220610e-03
173 -0.002262  0.006545 -0.000930 -0.002661  6.605015e-03  ... -7.737580e-11 -0.007663  1.593322e-02 -0.005611 -7.737580e-11
174 -0.002720 -0.003341 -0.006515 -0.005870 -2.624670e-03  ... -7.737580e-11  0.002574 -7.468256e-04 -0.003210 -3.231016e-03
175 -0.000152  0.002265 -0.001405 -0.006978  1.973683e-03  ... -7.737580e-11 -0.002567 -7.737580e-11  0.001854 -9.724466e-03

[176 rows x 100 columns]"
100,time,,1.0,0.728650430838267,0.4677840909090909,-0.0349822930563492,"0     1.648156
1     1.616951
2     1.590865
3     1.565384
4     1.547033
5     1.522809
6     1.505863
7     1.494032
8     1.475864
9     1.462961
10    1.450700
11    1.439476
12    1.427689
13    1.417269
14    1.411411
15    1.402830
16    1.398922
17    1.389681
18    1.392050
19    1.380502
20    1.379283
21    1.371816
22    1.365636
23    1.365531
24    1.361510
25    1.358740
26    1.351277
27    1.352515
28    1.349221
29    1.344180
30    1.345624
31    1.344363
32    1.336967
33    1.338607
34    1.334232
35    1.329078
36    1.326238
37    1.329048
38    1.326965
39    1.321389
40    1.318010
41    1.317755
42    1.314053
43    1.318735
44    1.313898
45    1.313226
46    1.312564
47    1.311754
48    1.306307
49    1.308346
dtype: float64","0     1.298042
1     1.256100
2     1.216804
3     1.180257
4     1.146308
5     1.114788
6     1.085676
7     1.058812
8     1.034039
9     1.011238
10    0.990118
11    0.970662
12    0.952644
13    0.936090
14    0.920910
15    0.906966
16    0.894024
17    0.882056
18    0.871068
19    0.860927
20    0.851479
21    0.842746
22    0.834635
23    0.827062
24    0.820066
25    0.813530
26    0.807397
27    0.801672
28    0.796335
29    0.791307
30    0.786551
31    0.782063
32    0.777795
33    0.773797
34    0.770094
35    0.766517
36    0.763063
37    0.759743
38    0.756592
39    0.753645
40    0.750850
41    0.748104
42    0.745427
43    0.742813
44    0.740266
45    0.737748
46    0.735370
47    0.733061
48    0.730843
49    0.728650
dtype: float64","0     0.539261
1     0.536818
2     0.536932
3     0.536364
4     0.535682
5     0.534375
6     0.533750
7     0.534034
8     0.532670
9     0.531761
10    0.531591
11    0.531023
12    0.529773
13    0.529432
14    0.529205
15    0.528636
16    0.528864
17    0.528352
18    0.527386
19    0.527386
20    0.527159
21    0.525795
22    0.525170
23    0.524545
24    0.524375
25    0.522670
26    0.522045
27    0.522386
28    0.521364
29    0.520966
30    0.520455
31    0.520000
32    0.519773
33    0.519716
34    0.520227
35    0.519716
36    0.519659
37    0.519034
38    0.518750
39    0.518807
40    0.518977
41    0.518750
42    0.518750
43    0.518466
44    0.518466
45    0.518636
46    0.518750
47    0.518466
48    0.518693
49    0.518409
dtype: float64","         ABEO      ADTX      AERC      AGFY      AKYA      ALGS  ...      TYME       UBX      VIEW      WEJO      XMTR      XXII
0    0.000721 -0.004315 -0.013286  0.010019 -0.000231 -0.006608  ... -0.012740 -0.002581 -0.012551 -0.005206 -0.008041 -0.001871
1   -0.000864 -0.000644 -0.010898  0.009378 -0.003025 -0.007292  ... -0.018947 -0.009942 -0.006993  0.001066 -0.007912 -0.005666
2    0.003707 -0.007685 -0.003201  0.006429  0.000687 -0.005845  ... -0.014528 -0.008108 -0.008921 -0.002245 -0.007317  0.001731
3   -0.004654 -0.014735 -0.007202  0.008312 -0.006457 -0.000500  ... -0.014513 -0.005495 -0.001391 -0.002270 -0.014600 -0.002087
4    0.003048 -0.007215 -0.005569  0.011330 -0.000953 -0.010916  ... -0.012989 -0.005669 -0.005954 -0.004408 -0.005821 -0.000234
..        ...       ...       ...       ...       ...       ...  ...       ...       ...       ...       ...       ...       ...
171  0.006401 -0.000895 -0.007269  0.017536 -0.000083 -0.004714  ... -0.013440  0.000736  0.000044  0.000843  0.001357  0.002709
172  0.002226 -0.003080 -0.008585  0.012693 -0.000258 -0.002450  ... -0.001994 -0.000729 -0.006617 -0.004607 -0.001796  0.004635
173  0.012700 -0.005449 -0.014395  0.016439  0.000508 -0.000961  ... -0.006410 -0.002549 -0.009877 -0.000048 -0.003614 -0.006523
174  0.011230 -0.003476 -0.006422  0.022797  0.002621 -0.000043  ... -0.009973 -0.004764 -0.012557 -0.005658  0.000669  0.007590
175  0.012286 -0.005352 -0.003066  0.018413 -0.004984  0.003360  ... -0.009108 -0.007994 -0.001976 -0.004979  0.005630  0.001119

[176 rows x 100 columns]","         ABEO      ADTX      AERC      AGFY          AKYA  ...           UBX      VIEW          WEJO      XMTR          XXII
0   -0.001638  0.049104 -0.013214  0.002345 -5.605378e-03  ... -7.737580e-11 -0.006018  1.392757e-03 -0.002367 -1.263822e-02
1   -0.001193 -0.045989  0.022844  0.000936 -7.737580e-11  ... -7.737580e-11 -0.002018  6.954097e-04  0.004053  6.399996e-03
2    0.000299 -0.007060 -0.001925  0.000935 -4.509580e-03  ... -6.968636e-03 -0.014156 -9.034045e-03  0.009057  1.271859e-02
3    0.007613  0.015585  0.001543 -0.008407 -5.662511e-03  ...  7.017539e-03 -0.004103 -7.713880e-03 -0.000293 -3.139715e-03
4    0.005630 -0.006930 -0.004237  0.002355 -1.518602e-03  ... -6.968636e-03 -0.008239 -4.240280e-03  0.005075  9.448812e-03
..        ...       ...       ...       ...           ...  ...           ...       ...           ...       ...           ...
171 -0.004038 -0.013081  0.000467 -0.005263 -7.194240e-03  ... -7.737580e-11  0.010349  1.522069e-03  0.001153  3.231016e-03
172 -0.004055 -0.001271  0.003733 -0.005820 -2.635044e-03  ... -7.737580e-11  0.002561  1.519756e-03 -0.007775 -3.220610e-03
173 -0.002262  0.006545 -0.000930 -0.002661  6.605015e-03  ... -7.737580e-11 -0.007663  1.593322e-02 -0.005611 -7.737580e-11
174 -0.002720 -0.003341 -0.006515 -0.005870 -2.624670e-03  ... -7.737580e-11  0.002574 -7.468256e-04 -0.003210 -3.231016e-03
175 -0.000152  0.002265 -0.001405 -0.006978  1.973683e-03  ... -7.737580e-11 -0.002567 -7.737580e-11  0.001854 -9.724466e-03

[176 rows x 100 columns]"
100,time,,0.5,0.7036837339401245,0.4946022727272727,-0.1463653551362165,"0     1.494061
1     1.468446
2     1.443882
3     1.418340
4     1.389648
5     1.371153
6     1.349951
7     1.331071
8     1.315032
9     1.296014
10    1.282406
11    1.266847
12    1.252873
13    1.236187
14    1.225650
15    1.214707
16    1.202862
17    1.192426
18    1.182350
19    1.176882
20    1.164057
21    1.156545
22    1.146280
23    1.143068
24    1.136219
25    1.128615
26    1.121056
27    1.119670
28    1.111382
29    1.108156
30    1.102809
31    1.100354
32    1.092433
33    1.090357
34    1.087498
35    1.081801
36    1.082237
37    1.075802
38    1.074235
39    1.070781
40    1.068058
41    1.063162
42    1.062546
43    1.058053
44    1.055907
45    1.053618
46    1.052967
47    1.047774
48    1.048632
49    1.047215
dtype: float64","0     1.089848
1     1.065598
2     1.042243
3     1.019883
4     0.999075
5     0.979739
6     0.961146
7     0.944120
8     0.927084
9     0.911419
10    0.896710
11    0.883638
12    0.871340
13    0.859382
14    0.848327
15    0.838339
16    0.828202
17    0.819366
18    0.810523
19    0.802955
20    0.796246
21    0.789960
22    0.783913
23    0.777949
24    0.772372
25    0.767710
26    0.762791
27    0.758686
28    0.754424
29    0.750880
30    0.747169
31    0.743921
32    0.740789
33    0.737918
34    0.734620
35    0.731900
36    0.729230
37    0.726201
38    0.723741
39    0.721661
40    0.719735
41    0.717852
42    0.715533
43    0.713846
44    0.711712
45    0.710455
46    0.708924
47    0.707374
48    0.705595
49    0.703684
dtype: float64","0     0.456420
1     0.456250
2     0.456932
3     0.458409
4     0.459205
5     0.459886
6     0.461080
7     0.461705
8     0.464432
9     0.466307
10    0.468125
11    0.468636
12    0.469318
13    0.471080
14    0.472386
15    0.473125
16    0.475170
17    0.475909
18    0.478011
19    0.478523
20    0.478636
21    0.478977
22    0.479773
23    0.480966
24    0.481989
25    0.481989
26    0.482955
27    0.483352
28    0.484148
29    0.484489
30    0.485284
31    0.485511
32    0.485739
33    0.486136
34    0.487500
35    0.488068
36    0.488693
37    0.490170
38    0.491023
39    0.491080
40    0.490909
41    0.490966
42    0.491932
43    0.491818
44    0.492614
45    0.491932
46    0.491534
47    0.491477
48    0.491932
49    0.492670
dtype: float64","         ABEO      ADTX      AERC      AGFY      AKYA      ALGS  ...      TYME       UBX      VIEW      WEJO      XMTR      XXII
0    0.004637  0.001684 -0.005754 -0.006766  0.003753  0.011594  ... -0.009855  0.002010 -0.010517 -0.015851 -0.022174  0.002701
1    0.005260  0.006779 -0.002044 -0.007276 -0.000515  0.003959  ... -0.011674  0.002279 -0.004854 -0.020682 -0.015045  0.005352
2    0.001713  0.015007 -0.010848 -0.003778 -0.003258  0.004969  ... -0.013635  0.003864 -0.013949 -0.013146 -0.018650 -0.005455
3    0.003648  0.011399  0.001165 -0.007564 -0.002007  0.022354  ... -0.019102  0.001787 -0.011986 -0.017621 -0.018066  0.000151
4    0.002016  0.010708  0.000790 -0.005064 -0.002598  0.008262  ... -0.016849 -0.005411 -0.012308 -0.019085 -0.020094  0.003280
..        ...       ...       ...       ...       ...       ...  ...       ...       ...       ...       ...       ...       ...
171  0.000855 -0.016443  0.001981 -0.003242 -0.004220  0.010658  ... -0.017867  0.006576 -0.001876 -0.012687 -0.013321 -0.001548
172  0.003950 -0.004900 -0.001784 -0.006880 -0.003614  0.013148  ... -0.016662  0.004736 -0.003128 -0.007934 -0.007471  0.000256
173  0.001223 -0.003662 -0.003841 -0.010098 -0.008155  0.012961  ... -0.019465 -0.001350 -0.001568 -0.011284 -0.019214 -0.010342
174 -0.004304 -0.000271 -0.005317 -0.011402 -0.004339  0.011031  ... -0.015179 -0.002292 -0.001840 -0.013840 -0.023983 -0.004535
175  0.002127 -0.005098 -0.011352 -0.012323 -0.005348  0.010899  ... -0.018772 -0.000159 -0.004474 -0.009528 -0.019980 -0.007347

[176 rows x 100 columns]","         ABEO      ADTX      AERC      AGFY          AKYA  ...           UBX      VIEW          WEJO      XMTR          XXII
0   -0.001638  0.049104 -0.013214  0.002345 -5.605378e-03  ... -7.737580e-11 -0.006018  1.392757e-03 -0.002367 -1.263822e-02
1   -0.001193 -0.045989  0.022844  0.000936 -7.737580e-11  ... -7.737580e-11 -0.002018  6.954097e-04  0.004053  6.399996e-03
2    0.000299 -0.007060 -0.001925  0.000935 -4.509580e-03  ... -6.968636e-03 -0.014156 -9.034045e-03  0.009057  1.271859e-02
3    0.007613  0.015585  0.001543 -0.008407 -5.662511e-03  ...  7.017539e-03 -0.004103 -7.713880e-03 -0.000293 -3.139715e-03
4    0.005630 -0.006930 -0.004237  0.002355 -1.518602e-03  ... -6.968636e-03 -0.008239 -4.240280e-03  0.005075  9.448812e-03
..        ...       ...       ...       ...           ...  ...           ...       ...           ...       ...           ...
171 -0.004038 -0.013081  0.000467 -0.005263 -7.194240e-03  ... -7.737580e-11  0.010349  1.522069e-03  0.001153  3.231016e-03
172 -0.004055 -0.001271  0.003733 -0.005820 -2.635044e-03  ... -7.737580e-11  0.002561  1.519756e-03 -0.007775 -3.220610e-03
173 -0.002262  0.006545 -0.000930 -0.002661  6.605015e-03  ... -7.737580e-11 -0.007663  1.593322e-02 -0.005611 -7.737580e-11
174 -0.002720 -0.003341 -0.006515 -0.005870 -2.624670e-03  ... -7.737580e-11  0.002574 -7.468256e-04 -0.003210 -3.231016e-03
175 -0.000152  0.002265 -0.001405 -0.006978  1.973683e-03  ... -7.737580e-11 -0.002567 -7.737580e-11  0.001854 -9.724466e-03

[176 rows x 100 columns]"
100,time,,0.01,0.4755558123191197,0.4463068181818181,-0.128005429708742,"0     0.490127
1     0.489622
2     0.490780
3     0.491881
4     0.491699
5     0.492123
6     0.492932
7     0.494010
8     0.493718
9     0.493807
10    0.495075
11    0.496180
12    0.497248
13    0.497663
14    0.499711
15    0.497929
16    0.496914
17    0.499246
18    0.498592
19    0.498655
20    0.498236
21    0.498358
22    0.498000
23    0.500134
24    0.497895
25    0.502071
26    0.499375
27    0.500456
28    0.501129
29    0.499118
30    0.499532
31    0.497508
32    0.500045
33    0.501216
34    0.500183
35    0.498295
36    0.501569
37    0.502165
38    0.498960
39    0.497870
40    0.499277
41    0.499997
42    0.500631
43    0.498649
44    0.500565
45    0.501761
46    0.497676
47    0.498210
48    0.500618
49    0.499893
dtype: float64","0     0.475556
1     0.476308
2     0.476362
3     0.476695
4     0.477665
5     0.478238
6     0.480477
7     0.481490
8     0.481842
9     0.482152
10    0.483192
11    0.483878
12    0.484211
13    0.485683
14    0.486541
15    0.487247
16    0.487235
17    0.487844
18    0.488095
19    0.488246
20    0.488502
21    0.488915
22    0.489019
23    0.489074
24    0.488614
25    0.489031
26    0.488883
27    0.489097
28    0.489415
29    0.489527
30    0.489228
31    0.489600
32    0.489664
33    0.489831
34    0.489483
35    0.489599
36    0.489510
37    0.489936
38    0.490105
39    0.490275
40    0.490343
41    0.490102
42    0.490118
43    0.490290
44    0.490359
45    0.490583
46    0.490653
47    0.490569
48    0.490485
49    0.490298
dtype: float64","0     0.529148
1     0.529148
2     0.529148
3     0.529148
4     0.529148
5     0.529148
6     0.529148
7     0.529148
8     0.529148
9     0.529148
10    0.529148
11    0.529148
12    0.529148
13    0.529148
14    0.529148
15    0.529148
16    0.529148
17    0.529148
18    0.529148
19    0.529148
20    0.529148
21    0.529148
22    0.529148
23    0.529148
24    0.529148
25    0.529148
26    0.529148
27    0.529148
28    0.529148
29    0.529148
30    0.529148
31    0.529148
32    0.529148
33    0.529148
34    0.529148
35    0.529148
36    0.529148
37    0.529148
38    0.529148
39    0.529148
40    0.529148
41    0.529148
42    0.529148
43    0.529148
44    0.529148
45    0.529148
46    0.529148
47    0.529148
48    0.529148
49    0.529148
dtype: float64","         ABEO      ADTX      AERC      AGFY      AKYA      ALGS  ...      TYME       UBX      VIEW      WEJO      XMTR      XXII
0    0.004869  0.010669  0.023075  0.012824 -0.007525  0.006201  ... -0.003454  0.002319 -0.017289 -0.001037 -0.029813  0.002699
1    0.004576  0.005231  0.020888  0.012130 -0.007863  0.002707  ... -0.013679 -0.009479 -0.015243  0.010599 -0.031100 -0.008273
2    0.006587  0.005929  0.015187  0.011195 -0.008255  0.006838  ... -0.005473  0.000028 -0.010384 -0.008429 -0.027048  0.003053
3    0.007265  0.016491  0.011239  0.005658 -0.003622  0.004458  ...  0.008486  0.003091 -0.005253  0.001606 -0.033139  0.002488
4    0.016496  0.018733  0.011775  0.008676 -0.001810  0.004197  ...  0.004155  0.009318 -0.005090  0.012913 -0.027643  0.000603
..        ...       ...       ...       ...       ...       ...  ...       ...       ...       ...       ...       ...       ...
171  0.023129  0.019903  0.022508  0.007962 -0.000570  0.017064  ...  0.012121  0.007668  0.002024  0.007788 -0.023880  0.005987
172  0.015478  0.022121  0.016871  0.000594 -0.006399  0.016242  ...  0.021475  0.002796 -0.007974  0.002530 -0.022796  0.005694
173  0.020869  0.025214  0.021976  0.009439 -0.000946  0.016027  ...  0.020065  0.007458 -0.008735  0.008928 -0.022931  0.000715
174  0.023887  0.023745  0.022049  0.011086  0.001109  0.021091  ...  0.012193  0.005439 -0.008883  0.000280 -0.014400  0.004488
175  0.017210  0.022264  0.021495  0.008972 -0.004432  0.020932  ...  0.010357  0.003947 -0.000110  0.000020 -0.023304  0.000094

[176 rows x 100 columns]","         ABEO      ADTX      AERC      AGFY          AKYA  ...           UBX      VIEW          WEJO      XMTR          XXII
0   -0.001638  0.049104 -0.013214  0.002345 -5.605378e-03  ... -7.737580e-11 -0.006018  1.392757e-03 -0.002367 -1.263822e-02
1   -0.001193 -0.045989  0.022844  0.000936 -7.737580e-11  ... -7.737580e-11 -0.002018  6.954097e-04  0.004053  6.399996e-03
2    0.000299 -0.007060 -0.001925  0.000935 -4.509580e-03  ... -6.968636e-03 -0.014156 -9.034045e-03  0.009057  1.271859e-02
3    0.007613  0.015585  0.001543 -0.008407 -5.662511e-03  ...  7.017539e-03 -0.004103 -7.713880e-03 -0.000293 -3.139715e-03
4    0.005630 -0.006930 -0.004237  0.002355 -1.518602e-03  ... -6.968636e-03 -0.008239 -4.240280e-03  0.005075  9.448812e-03
..        ...       ...       ...       ...           ...  ...           ...       ...           ...       ...           ...
171 -0.004038 -0.013081  0.000467 -0.005263 -7.194240e-03  ... -7.737580e-11  0.010349  1.522069e-03  0.001153  3.231016e-03
172 -0.004055 -0.001271  0.003733 -0.005820 -2.635044e-03  ... -7.737580e-11  0.002561  1.519756e-03 -0.007775 -3.220610e-03
173 -0.002262  0.006545 -0.000930 -0.002661  6.605015e-03  ... -7.737580e-11 -0.007663  1.593322e-02 -0.005611 -7.737580e-11
174 -0.002720 -0.003341 -0.006515 -0.005870 -2.624670e-03  ... -7.737580e-11  0.002574 -7.468256e-04 -0.003210 -3.231016e-03
175 -0.000152  0.002265 -0.001405 -0.006978  1.973683e-03  ... -7.737580e-11 -0.002567 -7.737580e-11  0.001854 -9.724466e-03

[176 rows x 100 columns]"
500,time,,1.0,2.588751624027888,0.5906704545454545,0.042967891393196574,"0     8.864459
1     8.716732
2     8.564938
3     8.411206
4     8.267438
5     8.120214
6     7.980207
7     7.839591
8     7.702037
9     7.568958
10    7.429730
11    7.303003
12    7.175094
13    7.043874
14    6.920692
15    6.797784
16    6.679304
17    6.559573
18    6.442771
19    6.328794
20    6.218436
21    6.109073
22    5.995924
23    5.889110
24    5.784340
25    5.683640
26    5.586434
27    5.485168
28    5.387427
29    5.294963
30    5.198429
31    5.108177
32    5.020094
33    4.926038
34    4.844790
35    4.758222
36    4.673193
37    4.595987
38    4.513331
39    4.437414
40    4.359459
41    4.283819
42    4.206835
43    4.138442
44    4.069234
45    3.997544
46    3.938393
47    3.866299
48    3.799685
49    3.739408
dtype: float64","0     7.649650
1     7.495019
2     7.342766
3     7.192931
4     7.045504
5     6.900461
6     6.757814
7     6.617516
8     6.479561
9     6.343945
10    6.210663
11    6.079669
12    5.950927
13    5.824466
14    5.700274
15    5.578257
16    5.458419
17    5.340747
18    5.225257
19    5.111899
20    5.000612
21    4.891409
22    4.784273
23    4.679196
24    4.576100
25    4.475005
26    4.375875
27    4.278688
28    4.183440
29    4.090079
30    3.998590
31    3.908968
32    3.821169
33    3.735188
34    3.651005
35    3.568611
36    3.487945
37    3.409016
38    3.331789
39    3.256249
40    3.182368
41    3.110129
42    3.039527
43    2.970523
44    2.903088
45    2.837197
46    2.772801
47    2.709957
48    2.648637
49    2.588752
dtype: float64","0     0.453943
1     0.453932
2     0.453932
3     0.453932
4     0.453920
5     0.453909
6     0.453932
7     0.453966
8     0.454045
9     0.454034
10    0.454023
11    0.454034
12    0.454034
13    0.454034
14    0.454091
15    0.454125
16    0.454068
17    0.454080
18    0.454102
19    0.454125
20    0.454136
21    0.454227
22    0.454239
23    0.454284
24    0.454352
25    0.454398
26    0.454420
27    0.454477
28    0.454511
29    0.454614
30    0.454545
31    0.454580
32    0.454659
33    0.454705
34    0.454830
35    0.454852
36    0.454966
37    0.454989
38    0.455227
39    0.455239
40    0.455614
41    0.455716
42    0.455989
43    0.455818
44    0.456080
45    0.456068
46    0.456250
47    0.456341
48    0.456818
49    0.456852
dtype: float64","         AADI      ABEO      ACET      ADCT      ADGI      ADMP  ...      ZGNX       ZOM      ZVIA        ZY      ZYME      ZYXI
0   -0.020530 -0.017022 -0.018755 -0.017663 -0.022973 -0.012016  ... -0.029392 -0.015417 -0.014647 -0.015974 -0.012282 -0.015396
1   -0.016538 -0.019720 -0.017688 -0.021548 -0.027878 -0.011227  ... -0.029673 -0.014984 -0.014275 -0.019298 -0.017974 -0.015917
2   -0.023483 -0.018554 -0.013579 -0.020676 -0.030626 -0.008727  ... -0.032860 -0.017887 -0.015764 -0.015522 -0.012714 -0.015694
3   -0.025120 -0.020047 -0.019330 -0.019884 -0.031149 -0.006231  ... -0.029506 -0.020334 -0.014993 -0.016393 -0.014755 -0.017058
4   -0.025160 -0.012413 -0.017940 -0.019378 -0.025506 -0.010589  ... -0.025040 -0.018955 -0.013517 -0.015631 -0.006764 -0.016069
..        ...       ...       ...       ...       ...       ...  ...       ...       ...       ...       ...       ...       ...
171 -0.018230 -0.015155 -0.023518 -0.018840 -0.020768 -0.011652  ... -0.021658 -0.016088 -0.015553 -0.017788 -0.017501 -0.015764
172 -0.017486 -0.012296 -0.022907 -0.018422 -0.023344 -0.010671  ... -0.024776 -0.014392 -0.016523 -0.016776 -0.014263 -0.015595
173 -0.016210 -0.012247 -0.021079 -0.015327 -0.018992 -0.010819  ... -0.023437 -0.013339 -0.016136 -0.013186 -0.018022 -0.013541
174 -0.017299 -0.015916 -0.019659 -0.017674 -0.019597 -0.010786  ... -0.024406 -0.015941 -0.016558 -0.011993 -0.017635 -0.013079
175 -0.019105 -0.014733 -0.021046 -0.017466 -0.020338 -0.009804  ... -0.023368 -0.015839 -0.018817 -0.014306 -0.018638 -0.014484

[176 rows x 500 columns]","         AADI      ABEO      ACET      ADCT      ADGI          ADMP  ...      ZGNX       ZOM      ZVIA        ZY      ZYME          ZYXI
0    0.004386 -0.001638  0.000644 -0.005223 -0.016620 -3.215179e-03  ... -0.001226  0.000709 -0.002120 -0.013834 -0.003700 -3.252785e-03
1    0.003176 -0.001193  0.000965  0.004296  0.027042 -3.933598e-04  ... -0.001228 -0.009066  0.001416 -0.000668  0.003714  4.662000e-04
2    0.000396  0.000299 -0.004177 -0.001426  0.065277 -2.439790e-03  ...  0.000307  0.003574 -0.003536 -0.000668 -0.001233 -9.785640e-03
3   -0.005736  0.007613 -0.008712 -0.000476 -0.026776 -3.313607e-03  ... -0.000922 -0.002137  0.002839 -0.004013  0.000309  1.882351e-03
4    0.004376  0.005630  0.004883 -0.002619 -0.001587 -9.886817e-11  ...  0.001230 -0.003426 -0.001415 -0.002686  0.000309 -1.878815e-03
..        ...       ...       ...       ...       ...           ...  ...       ...       ...       ...       ...       ...           ...
171 -0.000811 -0.004038  0.005551 -0.006335 -0.002042 -6.530607e-04  ... -0.002465 -0.001115 -0.000712 -0.002996  0.011831  5.461763e-03
172 -0.000812 -0.004055 -0.003777 -0.001717 -0.006139 -1.061917e-03  ... -0.000309  0.000638 -0.000713 -0.003005  0.010154 -6.913574e-03
173  0.002234 -0.002262  0.005541  0.000737  0.002745  4.497502e-03  ... -0.001236  0.002710  0.000713  0.007536  0.001828 -1.491794e-03
174 -0.003849 -0.002720  0.002900 -0.003927 -0.002738 -4.802992e-03  ...  0.000619 -0.001749  0.007128  0.002992  0.006081 -9.886817e-11
175 -0.007932 -0.000152 -0.001157 -0.000246  0.004118 -1.161553e-02  ...  0.002165 -0.004299 -0.006369  0.001491 -0.005440 -2.988045e-03

[176 rows x 500 columns]"
500,time,,0.5,0.6923581957817078,0.4968863636363636,-0.03643688538492864,"0     1.150982
1     1.138235
2     1.128728
3     1.117859
4     1.107211
5     1.097957
6     1.090991
7     1.082386
8     1.075449
9     1.069008
10    1.063874
11    1.059648
12    1.053695
13    1.050409
14    1.044980
15    1.043553
16    1.037755
17    1.035436
18    1.034242
19    1.029581
20    1.026389
21    1.025031
22    1.019019
23    1.018622
24    1.017726
25    1.015899
26    1.013667
27    1.011329
28    1.009197
29    1.006964
30    1.003791
31    1.005067
32    1.003266
33    1.000080
34    0.999640
35    0.997724
36    0.994465
37    0.995422
38    0.992192
39    0.991405
40    0.990144
41    0.989217
42    0.986415
43    0.984777
44    0.985708
45    0.982296
46    0.981382
47    0.979116
48    0.979420
49    0.976476
dtype: float64","0     0.893353
1     0.879509
2     0.866655
3     0.854678
4     0.843694
5     0.833904
6     0.824861
7     0.816384
8     0.808663
9     0.801641
10    0.794959
11    0.788605
12    0.783013
13    0.777922
14    0.772989
15    0.768480
16    0.764321
17    0.760404
18    0.756588
19    0.752998
20    0.749784
21    0.746494
22    0.743534
23    0.740664
24    0.738056
25    0.735432
26    0.732883
27    0.730611
28    0.728544
29    0.726344
30    0.724372
31    0.722357
32    0.720507
33    0.718619
34    0.716737
35    0.715060
36    0.713232
37    0.711572
38    0.709848
39    0.708147
40    0.706497
41    0.704790
42    0.703202
43    0.701561
44    0.700044
45    0.698503
46    0.696927
47    0.695368
48    0.693859
49    0.692358
dtype: float64","0     0.515773
1     0.514511
2     0.513523
3     0.512795
4     0.511989
5     0.510602
6     0.509364
7     0.508602
8     0.507670
9     0.506636
10    0.505955
11    0.505818
12    0.505080
13    0.504227
14    0.503795
15    0.503216
16    0.502636
17    0.502102
18    0.501977
19    0.501807
20    0.501364
21    0.501466
22    0.501170
23    0.501102
24    0.500705
25    0.500511
26    0.500477
27    0.500125
28    0.499557
29    0.499364
30    0.498898
31    0.498693
32    0.498239
33    0.497943
34    0.497795
35    0.497318
36    0.497205
37    0.496864
38    0.496750
39    0.496693
40    0.496523
41    0.496568
42    0.496409
43    0.496443
44    0.496273
45    0.496227
46    0.496284
47    0.496318
48    0.496352
49    0.496386
dtype: float64","         AADI      ABEO      ACET      ADCT      ADGI      ADMP  ...      ZGNX       ZOM      ZVIA        ZY      ZYME      ZYXI
0   -0.004746 -0.004113 -0.008643 -0.012644  0.011869 -0.018870  ... -0.004826  0.001412 -0.007114 -0.001453 -0.000480 -0.005193
1   -0.005181  0.001795 -0.004887 -0.012021  0.005136 -0.017406  ... -0.003739 -0.001249 -0.007330 -0.004378 -0.000886 -0.009110
2   -0.009378 -0.002284 -0.009521 -0.006983  0.000106 -0.010784  ... -0.004087  0.000866 -0.006057 -0.001481 -0.004864 -0.005726
3   -0.004928  0.002598 -0.001983 -0.014097  0.002704 -0.011616  ... -0.001646  0.000715 -0.006585  0.006110 -0.008745 -0.006128
4   -0.008051 -0.006095 -0.005174 -0.007484  0.011723 -0.011503  ... -0.005992 -0.000605 -0.006568  0.001006 -0.000629 -0.008325
..        ...       ...       ...       ...       ...       ...  ...       ...       ...       ...       ...       ...       ...
171  0.003568  0.016049  0.009753 -0.003494  0.006042  0.006133  ...  0.008714  0.017279  0.009221  0.013786  0.009743  0.008303
172 -0.000882  0.005682  0.006944  0.004086  0.006873  0.004275  ...  0.010530  0.016150  0.003067  0.005880  0.010035  0.002625
173 -0.000256  0.012183  0.007027  0.009979  0.005365  0.009713  ...  0.011211  0.014703  0.007633  0.010762  0.012343  0.004983
174  0.007224  0.017494  0.007517  0.007557  0.005990  0.003153  ...  0.013134  0.016787  0.007777  0.009272  0.012862  0.010546
175 -0.000978  0.011158  0.005100  0.001720  0.004330  0.000834  ...  0.010493  0.010792  0.004154  0.003219  0.003832  0.007668

[176 rows x 500 columns]","         AADI      ABEO      ACET      ADCT      ADGI          ADMP  ...      ZGNX       ZOM      ZVIA        ZY      ZYME          ZYXI
0    0.004386 -0.001638  0.000644 -0.005223 -0.016620 -3.215179e-03  ... -0.001226  0.000709 -0.002120 -0.013834 -0.003700 -3.252785e-03
1    0.003176 -0.001193  0.000965  0.004296  0.027042 -3.933598e-04  ... -0.001228 -0.009066  0.001416 -0.000668  0.003714  4.662000e-04
2    0.000396  0.000299 -0.004177 -0.001426  0.065277 -2.439790e-03  ...  0.000307  0.003574 -0.003536 -0.000668 -0.001233 -9.785640e-03
3   -0.005736  0.007613 -0.008712 -0.000476 -0.026776 -3.313607e-03  ... -0.000922 -0.002137  0.002839 -0.004013  0.000309  1.882351e-03
4    0.004376  0.005630  0.004883 -0.002619 -0.001587 -9.886817e-11  ...  0.001230 -0.003426 -0.001415 -0.002686  0.000309 -1.878815e-03
..        ...       ...       ...       ...       ...           ...  ...       ...       ...       ...       ...       ...           ...
171 -0.000811 -0.004038  0.005551 -0.006335 -0.002042 -6.530607e-04  ... -0.002465 -0.001115 -0.000712 -0.002996  0.011831  5.461763e-03
172 -0.000812 -0.004055 -0.003777 -0.001717 -0.006139 -1.061917e-03  ... -0.000309  0.000638 -0.000713 -0.003005  0.010154 -6.913574e-03
173  0.002234 -0.002262  0.005541  0.000737  0.002745  4.497502e-03  ... -0.001236  0.002710  0.000713  0.007536  0.001828 -1.491794e-03
174 -0.003849 -0.002720  0.002900 -0.003927 -0.002738 -4.802992e-03  ...  0.000619 -0.001749  0.007128  0.002992  0.006081 -9.886817e-11
175 -0.007932 -0.000152 -0.001157 -0.000246  0.004118 -1.161553e-02  ...  0.002165 -0.004299 -0.006369  0.001491 -0.005440 -2.988045e-03

[176 rows x 500 columns]"
500,time,,0.01,0.4767404446999232,0.414375,-0.0818728202113568,"0     0.483822
1     0.483673
2     0.483136
3     0.483103
4     0.482656
5     0.482602
6     0.482373
7     0.482403
8     0.481718
9     0.481907
10    0.481196
11    0.482010
12    0.482152
13    0.480867
14    0.481390
15    0.481293
16    0.481868
17    0.481614
18    0.481506
19    0.482388
20    0.482697
21    0.482838
22    0.482756
23    0.482752
24    0.483354
25    0.483994
26    0.484544
27    0.485077
28    0.484865
29    0.485632
30    0.485048
31    0.485993
32    0.486250
33    0.487190
34    0.487380
35    0.487650
36    0.487493
37    0.487930
38    0.488395
39    0.489465
40    0.489943
41    0.490610
42    0.490927
43    0.490869
44    0.491971
45    0.492225
46    0.492837
47    0.493235
48    0.493634
49    0.493677
dtype: float64","0     0.480196
1     0.479571
2     0.479214
3     0.478733
4     0.478344
5     0.477996
6     0.477565
7     0.476740
8     0.476832
9     0.476890
10    0.476977
11    0.477041
12    0.477039
13    0.477261
14    0.477344
15    0.477041
16    0.477207
17    0.477429
18    0.477719
19    0.477899
20    0.478558
21    0.478498
22    0.478256
23    0.478460
24    0.478749
25    0.479256
26    0.479395
27    0.479741
28    0.479779
29    0.479714
30    0.479300
31    0.479545
32    0.480037
33    0.480592
34    0.480619
35    0.480780
36    0.481516
37    0.481848
38    0.482024
39    0.482259
40    0.481975
41    0.482081
42    0.482513
43    0.483221
44    0.483656
45    0.484026
46    0.484587
47    0.484927
48    0.485324
49    0.485727
dtype: float64","0     0.544523
1     0.544375
2     0.544068
3     0.543784
4     0.543398
5     0.543114
6     0.542841
7     0.543057
8     0.543057
9     0.543057
10    0.543057
11    0.543057
12    0.543057
13    0.543057
14    0.543057
15    0.543057
16    0.543057
17    0.543057
18    0.543057
19    0.543057
20    0.543057
21    0.543057
22    0.543057
23    0.543057
24    0.543057
25    0.543057
26    0.543057
27    0.543057
28    0.543057
29    0.543057
30    0.543057
31    0.543057
32    0.543057
33    0.543057
34    0.543057
35    0.543057
36    0.543057
37    0.543057
38    0.543057
39    0.543057
40    0.543057
41    0.543057
42    0.543057
43    0.543057
44    0.543057
45    0.543057
46    0.543057
47    0.543057
48    0.543057
49    0.543057
dtype: float64","         AADI      ABEO      ACET      ADCT      ADGI      ADMP  ...      ZGNX       ZOM      ZVIA        ZY      ZYME      ZYXI
0    0.011470  0.012837  0.011456  0.000504  0.030606  0.009825  ...  0.018988  0.012243  0.022230  0.012769  0.009014  0.024864
1    0.005981  0.013906  0.010963  0.006049  0.026359  0.005561  ...  0.012256  0.006493  0.016471  0.015242  0.006204  0.014206
2    0.012247  0.005810  0.014269  0.007635  0.025258  0.008553  ...  0.008160  0.012816  0.018928  0.012148 -0.000080  0.009945
3    0.017516  0.011491  0.011536  0.009000  0.031200  0.003382  ...  0.017958  0.008500  0.016032  0.008934  0.004229  0.014130
4    0.015581  0.015605  0.011904 -0.001743  0.025400  0.006399  ...  0.022995  0.003881  0.014688  0.009573 -0.000254  0.009803
..        ...       ...       ...       ...       ...       ...  ...       ...       ...       ...       ...       ...       ...
171  0.009001  0.018378  0.014936 -0.000405  0.014762  0.010908  ...  0.011486  0.010236  0.009590  0.012327  0.012720  0.016604
172  0.002592  0.013091  0.005187 -0.004873  0.011840  0.014166  ...  0.005805  0.006683  0.009347  0.010388  0.003538  0.013433
173  0.003211  0.009886  0.010208  0.007316  0.016621  0.013789  ...  0.019229  0.002149  0.008725  0.010505  0.014242  0.015819
174  0.002613  0.007023  0.004109  0.002220  0.014428  0.014863  ...  0.020336 -0.003244  0.002654  0.009779  0.009267  0.010512
175  0.001701  0.005902  0.009113  0.005311  0.008522  0.014831  ...  0.018101 -0.000309  0.014760  0.014565  0.003882  0.012530

[176 rows x 500 columns]","         AADI      ABEO      ACET      ADCT      ADGI          ADMP  ...      ZGNX       ZOM      ZVIA        ZY      ZYME          ZYXI
0    0.004386 -0.001638  0.000644 -0.005223 -0.016620 -3.215179e-03  ... -0.001226  0.000709 -0.002120 -0.013834 -0.003700 -3.252785e-03
1    0.003176 -0.001193  0.000965  0.004296  0.027042 -3.933598e-04  ... -0.001228 -0.009066  0.001416 -0.000668  0.003714  4.662000e-04
2    0.000396  0.000299 -0.004177 -0.001426  0.065277 -2.439790e-03  ...  0.000307  0.003574 -0.003536 -0.000668 -0.001233 -9.785640e-03
3   -0.005736  0.007613 -0.008712 -0.000476 -0.026776 -3.313607e-03  ... -0.000922 -0.002137  0.002839 -0.004013  0.000309  1.882351e-03
4    0.004376  0.005630  0.004883 -0.002619 -0.001587 -9.886817e-11  ...  0.001230 -0.003426 -0.001415 -0.002686  0.000309 -1.878815e-03
..        ...       ...       ...       ...       ...           ...  ...       ...       ...       ...       ...       ...           ...
171 -0.000811 -0.004038  0.005551 -0.006335 -0.002042 -6.530607e-04  ... -0.002465 -0.001115 -0.000712 -0.002996  0.011831  5.461763e-03
172 -0.000812 -0.004055 -0.003777 -0.001717 -0.006139 -1.061917e-03  ... -0.000309  0.000638 -0.000713 -0.003005  0.010154 -6.913574e-03
173  0.002234 -0.002262  0.005541  0.000737  0.002745  4.497502e-03  ... -0.001236  0.002710  0.000713  0.007536  0.001828 -1.491794e-03
174 -0.003849 -0.002720  0.002900 -0.003927 -0.002738 -4.802992e-03  ...  0.000619 -0.001749  0.007128  0.002992  0.006081 -9.886817e-11
175 -0.007932 -0.000152 -0.001157 -0.000246  0.004118 -1.161553e-02  ...  0.002165 -0.004299 -0.006369  0.001491 -0.005440 -2.988045e-03

[176 rows x 500 columns]"
